Stock,Article
Apple,Here's how to choose between the Amazon Echo Google Home and Apple HomePod
Apple,Switzerland says Apple pledges to fix disruptions to rival payment app
Apple,Qualcomm says Apple is violating Chinese court order despite software update
Apple,Qualcomm says Apple violating Chinese court order despite new software
Apple,Apple shares could fall another 10 percent before stabilizing technician says
Apple,Apple’s iPhone manufacturers are ready to jump into the legal fight against Qualcomm
Apple,Foxconn not in settlement talks with Qualcomm in Apple battle -attorney
Apple,GUNDLACH SAYS APPLE INC IS LAST MAN STANDING IN U.S. STOCK MARKET -CNBC
Apple,Apple's iPhone manufacturers are ready to jump into the legal fight against Qualcomm
Apple,Apple's $1 billion Austin campus is just the latest big investment from top tier companies: Texas governor
Apple,UPDATE 2-Evidence of Apple switch ruled inadmissible in Qualcomm antitrust case
Apple,UPDATE 1-Evidence of Apple switch ruled inadmissible in Qualcomm antitrust case
Apple,Google and Amazon will launch Apple AirPods competitors next year top analyst says
Apple,Apple can still get more people to buy its services even if iPhone sales fall: 
Apple,Apple doubling down on health has hired over 40 doctors
Apple,UPDATE 6-Apple plans new $1 bln campus for Austin Texas
Apple,Apple’s long-term strategy is through services says analyst
Apple,Apple shares drop after the most influential analyst covering the stock slashes his iPhone estimate
Apple,UPDATE 1-Apple to push software update in China as Qualcomm case threatens sales ban
Apple,Apple China says it will push software update in bid to resolve Qualcomm case
Apple,Evidence of Apple switch ruled inadmissible in Qualcomm antitrust case
Apple,Apple stock is up 43000% since its IPO 38 years ago
Apple,Qualcomm presents evidence Apple breached court order
Apple,Apple can still get more people to buy its services even if iPhone sales fall: Tech analyst
Apple,Tim Lesko on Apple
Apple,Stocks face pressure | GE shares pop 9% | Apple invests $1 billion in Texas
Apple,CORRECTED-Apple launches payments service in Germany following delay
Apple,Is the bottom in for Apple?
Apple,Apple-Qualcomm suit weighs on Apple’s stock
Apple,Apple’s underlying business in good health – and stock is cheap strategist says
Apple,Tim Cook kept his promise with Apple's new campuses — he didn't run a contest like Amazon's
Apple,UPDATE 4-Apple deepens ties with Austin to spend $1 bln on new campus
Apple,Apple vs Qualcomm: How can one US company block another in China?
Apple,*APPLE DEVELOPING MODEM AS CHIP EFFORTS EXPAND - THE INFORMATION
Apple,Apple is falling behind competition on 5G technology: Analyst
Apple,UPDATE 6-Court orders China sales ban on older Apple iPhones in Qualcomm case
Apple,Tesla will revolutionize consumer buying habits like Amazon and Apple analyst says
Apple,Chart analyst Katie Stockton sees 'very bullish' signs for S&P Apple and Amazon
Apple,US STOCKS-Apple helps Wall St pull back after S&P hits 8-month low
Apple,Apple to file with Chinese court for reconsideration
Apple,Chinese ban puts Apple and investors in ‘white knuckle period’ says Dan Ives
Apple,Apple recovers losses after Chinese court bans sale of most iPhones
Apple,EU’s Vestager may investigate Apple Pay if there are formal complaints
Apple,US STOCKS SNAPSHOT-Wall Street opens lower as Apple weighs
Apple,Qualcomm says Apple is still selling iPhones in China breaching court order
Apple,Citi slashes Apple price target: ‘Trade wars are bad for tech stocks’
Apple,Apple challenges Qualcomm ruling in Chinese court
Apple,Apple and Alphabet erase their gains for the year
Apple,Apple scoops up CEO of Mango Health a start-up that helps people keep track of 
Apple,This 27-year-old built the world’s first gaming robot and now he’s partnered with Apple and 
Apple,Apple burdened by weak iPhone sales not trade says expert
Apple,Morgan Stanley joins the chorus of Apple price target cuts: ‘China smartphone market to blame’
Apple,Apple is in talks to buy a violent Israeli TV show and sign Richard Gere 
Apple,Apple could plunge 13 percent more before hitting a floor says technical analyst
Apple,Apple could plummet even further technician says
Apple,Apple shares fall after UBS sees weakest ‘purchase intent’ for iPhone in five years
Apple,If you invested $1000 in Microsoft and Apple at IPO this one would have made 
Apple,Apple has to hold this key level for it to be a buy says technician
Apple,Apple launches payments service in Germany following delay
Apple,Don’t raise the ‘white flag’ on Apple this is a ‘golden buying opportunity’: Analyst
Apple,Apple on frontline of potential economic turbulence says pro
Apple,We’re bullish long-term on Apple stock says Michael Bapis
Apple,Apple buys a new TV show from NBA superstar Kevin Durant
Apple,Apple’s biggest threat comes from App Store Supreme Court case says expert
Apple,Apple needs a winner besides the iPhone and it’s got three possibilities in the pipeline 
Apple,UPDATE 5-China ruling could ban some Apple iPhones sales amid Qualcomm fight
Apple,UPDATE 4-China ruling could ban some Apple iPhones sales amid Qualcomm fight
Apple,Apple Amazon and Microsoft battle to be most valuable company
Apple,AirPods are Apple’s ‘most popular accessory ever’ and shipments will skyrocket next year top analyst 
Apple,Apple files appeal to overturn iPhone sales ban in China
